date,NEGATIVE_Centre,NEGATIVE_Left-wing,NEGATIVE_Right-wing,POSITIVE_Centre,POSITIVE_Left-wing,POSITIVE_Right-wing,NEGATIVE_Centre_parties,NEGATIVE_Conservative,NEGATIVE_Labour,POSITIVE_Centre_parties,POSITIVE_Conservative,POSITIVE_Labour
2021-11-01,1,1,3,0,0,1,0,1,0,0,1,0
2021-11-02,1,0,4,0,1,0,0,0,0,0,1,0
2021-11-03,1,0,2,0,0,0,2,0,0,2,2,0
2021-11-04,1,3,1,1,0,0,0,0,0,0,1,0
2021-11-05,1,2,2,0,1,0,0,0,0,0,0,0
2021-11-06,0,0,4,0,0,0,0,0,0,0,0,0
2021-11-07,0,0,0,0,1,0,0,0,0,0,0,0
2021-11-08,0,0,0,0,0,0,0,0,1,0,1,0
2021-11-09,1,2,4,0,0,1,0,0,2,1,0,0
2021-11-10,3,1,2,1,1,0,0,0,0,0,0,0
2021-11-11,0,1,0,0,0,2,0,0,0,0,0,0
2021-11-12,2,1,4,0,0,1,0,0,0,0,0,0
2021-11-13,0,0,2,0,0,1,0,0,0,0,0,0
2021-11-14,0,1,0,0,1,2,0,0,0,0,0,0
2021-11-15,0,0,1,0,0,0,0,0,1,0,3,0
2021-11-16,1,2,1,0,2,0,0,0,0,0,1,0
2021-11-17,0,1,3,0,0,0,0,0,0,0,0,0
2021-11-18,0,0,1,1,0,0,0,0,0,0,2,0
2021-11-19,0,0,2,0,0,2,0,0,0,0,0,0
2021-11-20,0,0,3,0,0,1,0,0,0,0,0,0
2021-11-21,0,0,0,0,0,1,0,0,0,0,0,0
2021-11-22,2,1,3,0,1,0,0,0,0,0,2,0
2021-11-23,1,0,1,0,1,1,0,0,0,1,1,0
2021-11-24,0,0,0,0,0,0,0,0,0,0,1,1
2021-11-25,0,2,0,0,1,0,0,1,0,0,1,0
2021-11-26,0,0,0,0,0,1,0,0,0,0,0,0
2021-11-27,0,1,0,2,1,1,0,0,0,0,0,0
2021-11-28,0,0,0,0,0,0,0,0,0,0,0,0
2021-11-29,0,0,0,0,1,0,0,0,0,0,2,0
2021-11-30,0,1,0,0,0,0,0,0,1,0,0,0
2021-12-01,1,2,1,0,1,0,1,0,0,0,0,2
2021-12-02,1,1,2,1,1,1,0,0,0,0,1,0
2021-12-03,1,0,2,0,1,2,0,0,1,0,0,0
2021-12-04,1,1,1,0,0,2,0,0,0,0,0,0
2021-12-05,0,0,0,0,0,2,0,0,0,0,0,0
2021-12-06,0,1,4,0,1,0,0,0,1,0,0,1
2021-12-07,0,0,3,1,0,1,0,0,1,0,0,0
2021-12-08,0,1,0,0,0,2,0,0,0,0,0,0
2021-12-09,0,0,0,1,0,1,0,0,0,0,2,0
2021-12-10,0,2,1,0,0,0,0,0,0,0,0,0
2021-12-11,0,0,0,1,0,1,0,0,0,0,0,0
2021-12-12,0,0,0,0,0,0,0,0,0,0,0,0
2021-12-13,0,0,0,0,0,1,0,0,0,0,0,0
2021-12-14,1,0,0,0,0,0,0,0,0,0,0,0
2021-12-15,0,1,2,0,0,1,0,0,1,0,1,0
2021-12-16,0,0,2,0,0,1,0,0,0,0,3,0
2021-12-17,0,6,0,0,1,0,0,0,0,0,0,0
2021-12-18,0,1,0,0,0,0,0,0,0,0,0,0
2021-12-19,0,0,0,0,0,0,0,0,0,0,0,0
2021-12-20,0,0,0,0,1,1,0,0,0,0,0,0
2021-12-21,2,0,0,0,1,0,0,0,0,0,0,0
2021-12-22,0,2,0,0,1,0,0,0,0,0,0,0
2021-12-23,0,0,2,0,1,0,0,0,0,0,0,0
2021-12-24,0,2,2,0,1,0,0,0,0,0,0,0
2021-12-25,0,0,0,0,0,0,0,0,0,0,0,0
2021-12-26,0,0,0,0,0,0,0,0,0,0,0,0
2021-12-27,0,0,0,0,0,1,0,0,0,0,0,0
2021-12-28,0,1,1,0,0,0,0,0,0,0,0,0
2021-12-29,0,0,1,0,0,0,0,0,0,0,0,0
2021-12-30,0,1,2,0,0,1,0,0,0,0,0,0
2021-12-31,0,0,2,0,2,1,0,0,0,0,0,0
2022-01-01,0,0,1,0,0,0,0,0,0,0,0,0
2022-01-02,0,0,0,0,0,0,0,0,0,0,0,0
2022-01-03,0,0,0,0,0,1,0,0,0,0,0,0
2022-01-04,0,0,0,0,0,0,0,0,0,0,0,0
2022-01-05,0,2,0,0,0,0,0,0,0,0,0,0
2022-01-06,0,1,2,0,0,1,0,0,0,0,0,0
2022-01-07,1,1,0,0,1,1,0,0,0,0,0,0
2022-01-08,0,1,0,0,0,0,0,0,0,0,0,0
2022-01-09,0,0,1,0,1,1,0,0,0,0,0,0
2022-01-10,0,0,0,0,0,0,2,0,0,0,1,0
2022-01-11,0,0,1,0,0,0,0,0,0,0,0,0
2022-01-12,0,1,0,0,1,0,0,0,1,0,0,0
2022-01-13,0,1,0,0,0,0,2,0,0,0,0,0
2022-01-14,0,0,0,0,1,0,0,1,0,0,0,0
2022-01-15,0,1,0,0,0,0,0,0,0,0,0,0
2022-01-16,0,0,1,0,0,0,0,0,0,0,0,0
2022-01-17,0,1,0,0,0,0,0,0,0,0,0,0
2022-01-18,0,1,2,0,0,0,0,1,0,0,2,0
2022-01-19,0,1,0,0,1,0,0,0,0,0,0,0
2022-01-20,0,1,0,0,0,1,0,0,0,0,1,0
2022-01-21,0,0,0,0,1,0,0,0,0,0,0,0
2022-01-22,0,0,1,0,0,1,0,0,0,0,0,0
2022-01-23,0,0,1,0,0,0,0,0,0,0,0,0
2022-01-24,0,0,1,0,0,0,0,0,0,0,0,0
2022-01-25,1,1,5,0,1,0,0,0,1,0,0,1
2022-01-26,0,2,2,0,0,2,0,0,0,0,2,0
2022-01-27,0,1,0,0,2,0,0,0,0,0,0,0
2022-01-28,0,0,2,0,0,0,0,0,0,0,0,0
2022-01-29,0,0,0,0,1,1,0,0,0,0,0,0
2022-01-30,0,0,1,0,0,0,0,0,0,0,0,0
2022-01-31,0,1,2,0,1,0,0,0,0,0,1,0
2022-02-01,0,2,0,0,0,0,0,0,0,0,0,0
2022-02-02,0,1,7,0,0,0,0,0,0,0,0,0
2022-02-03,0,0,0,0,0,0,0,0,0,0,0,0
2022-02-04,0,2,0,0,0,0,0,0,0,0,0,0
2022-02-05,0,0,0,0,0,1,0,0,0,0,0,0
2022-02-06,0,0,0,0,0,2,0,0,0,0,0,0
2022-02-07,0,0,0,0,0,0,0,0,0,0,0,0
2022-02-08,0,0,0,0,0,1,0,0,0,0,1,1
2022-02-09,0,0,0,0,0,0,0,0,0,0,0,0
2022-02-10,1,2,3,0,0,0,0,0,0,0,1,0
2022-02-11,0,1,1,0,0,0,0,0,0,0,0,0
2022-02-12,0,2,0,0,0,0,0,0,0,0,0,0
2022-02-13,0,2,0,0,2,0,0,0,0,0,0,0
2022-02-14,1,3,3,0,0,0,0,0,0,0,0,0
2022-02-15,0,0,3,0,0,0,0,0,0,0,0,0
2022-02-16,0,0,3,0,1,1,0,0,0,0,0,0
2022-02-17,0,1,0,1,0,1,0,0,0,0,0,0
2022-02-18,0,0,1,0,0,1,0,0,0,0,0,0
2022-02-19,3,0,0,0,0,0,0,0,0,0,0,0
2022-02-20,1,0,1,1,0,1,0,0,0,0,0,0
2022-02-21,1,0,2,0,1,1,0,0,0,0,2,0
2022-02-22,1,1,0,0,0,1,0,0,0,1,1,0
2022-02-23,1,0,0,0,0,0,0,0,0,0,0,0
2022-02-24,12,0,4,8,0,1,0,0,0,0,0,0
2022-02-25,8,0,1,9,2,0,0,0,0,0,0,0
2022-02-26,0,0,0,2,0,1,0,0,0,0,0,0
2022-02-27,1,0,1,0,0,0,0,0,0,0,0,0
2022-02-28,7,1,1,2,0,0,1,1,0,0,3,0
2022-03-01,7,1,0,5,2,0,0,0,0,0,0,0
2022-03-02,7,3,3,7,0,1,0,0,0,0,0,0
2022-03-03,2,2,3,4,0,0,0,1,0,0,0,1
2022-03-04,6,2,4,5,1,1,0,0,0,0,0,0
2022-03-05,3,0,3,1,0,0,0,0,0,0,0,0
2022-03-06,0,0,0,0,0,1,0,0,0,0,0,0
2022-03-07,0,1,1,3,1,2,0,0,0,0,1,0
2022-03-08,1,0,0,2,0,0,0,0,0,0,0,0
2022-03-09,2,0,0,2,1,0,0,0,0,0,1,0
2022-03-10,6,0,1,4,1,0,0,4,0,0,1,1
2022-03-11,3,0,0,2,1,0,0,0,0,0,0,0
2022-03-12,2,0,0,3,0,0,0,0,0,0,0,0
2022-03-13,1,0,0,0,0,3,0,0,0,0,0,0
2022-03-14,2,0,2,4,1,1,0,0,0,0,1,0
2022-03-15,1,0,0,6,0,0,0,2,1,0,2,1
2022-03-16,1,1,2,12,2,0,0,0,0,2,2,4
2022-03-17,1,1,0,6,0,0,0,0,1,0,0,0
2022-03-18,6,1,4,1,2,2,0,0,0,0,2,0
2022-03-19,0,0,5,5,0,2,0,0,0,0,0,0
2022-03-20,1,0,1,1,0,1,0,0,0,0,0,0
2022-03-21,5,0,0,5,2,0,1,0,1,0,1,0
2022-03-22,0,2,1,0,0,0,0,0,0,0,0,0
2022-03-23,0,0,0,1,0,0,0,0,0,0,0,0
2022-03-24,1,0,0,1,0,1,0,0,0,0,2,0
2022-03-25,0,0,1,1,1,0,0,0,0,0,0,0
2022-03-26,0,0,1,1,0,0,0,0,0,0,0,0
2022-03-27,0,0,0,1,1,0,0,0,0,0,0,0
2022-03-28,0,1,0,1,0,1,0,0,0,1,3,0
2022-03-29,0,0,0,1,0,0,0,0,0,0,0,0
2022-03-30,2,0,0,6,0,0,0,0,0,0,1,1
2022-03-31,3,3,1,4,0,0,0,0,0,0,0,0
2022-04-01,1,0,0,0,1,0,0,0,0,0,0,0
2022-04-02,0,0,3,1,1,0,0,0,0,0,0,0
2022-04-03,0,0,0,1,1,0,0,0,0,0,0,0
2022-04-04,0,0,1,0,0,0,0,0,0,0,0,0
2022-04-05,1,0,0,1,0,0,0,0,0,0,0,0
2022-04-06,1,1,0,2,0,0,0,0,0,0,0,0
2022-04-07,0,0,0,2,0,0,0,0,0,0,0,0
2022-04-08,1,1,5,4,4,1,0,0,0,0,0,0
2022-04-09,0,0,1,1,0,0,0,0,0,0,0,0
2022-04-10,0,0,0,0,0,0,0,0,0,0,0,0
2022-04-11,2,1,2,1,1,2,0,0,0,0,0,0
2022-04-12,0,1,2,0,0,2,0,0,0,0,0,0
2022-04-13,1,4,3,2,4,1,0,0,0,0,0,0
2022-04-14,1,0,2,0,0,0,0,0,0,0,0,0
2022-04-15,0,2,1,1,2,0,0,0,0,0,0,0
2022-04-16,0,2,0,1,2,0,0,0,0,0,0,0
2022-04-17,1,1,0,1,0,1,0,0,0,0,0,0
2022-04-18,1,1,0,0,0,0,0,0,0,0,0,0
2022-04-19,0,0,1,1,0,1,0,0,0,1,0,0
2022-04-20,2,1,0,0,0,4,0,0,0,0,0,0
2022-04-21,0,2,5,2,0,0,0,0,0,1,0,0
2022-04-22,0,0,1,0,0,0,0,0,0,0,0,0
2022-04-23,1,1,0,0,0,0,0,0,0,0,0,0
2022-04-24,0,0,0,2,0,0,0,0,0,0,0,0
2022-04-25,2,0,1,2,0,1,0,0,0,0,0,0
2022-04-26,1,3,0,5,0,0,0,0,0,0,2,0
2022-04-27,5,1,1,2,1,0,0,0,0,0,0,0
2022-04-28,2,0,1,2,1,0,0,0,0,0,0,0
2022-04-29,1,0,2,1,0,0,0,0,0,0,0,0
2022-04-30,1,1,1,1,0,1,0,0,0,0,0,0
2022-05-01,0,0,0,2,0,1,0,0,0,0,0,0
2022-05-02,0,0,1,1,0,0,0,0,0,0,0,0
2022-05-03,2,0,3,0,1,1,0,0,0,0,0,0
2022-05-04,2,0,3,2,1,2,0,0,0,0,0,0
2022-05-05,0,1,1,1,1,0,0,0,0,0,0,0
2022-05-06,0,0,0,7,3,0,0,0,0,0,0,0
2022-05-07,0,1,1,3,0,0,0,0,0,0,0,0
2022-05-08,0,0,1,0,1,1,0,0,0,0,0,0
2022-05-09,1,0,1,1,0,1,0,0,0,0,0,0
2022-05-10,2,1,2,0,0,1,1,0,0,0,0,0
2022-05-11,1,1,1,0,0,0,0,0,1,0,0,0
2022-05-12,1,1,2,1,0,0,0,0,1,1,0,1
2022-05-13,2,1,1,1,1,0,0,0,0,0,0,0
2022-05-14,2,0,5,0,1,0,0,0,0,0,0,0
2022-05-15,2,1,2,0,0,0,0,0,0,0,0,0
2022-05-16,1,2,0,1,0,0,0,0,0,0,0,0
2022-05-17,2,0,1,1,1,1,0,0,0,0,0,0
2022-05-18,1,0,1,1,2,2,0,0,0,0,1,0
2022-05-19,2,1,6,5,0,1,0,2,0,0,2,0
2022-05-20,1,3,5,4,1,0,0,0,0,0,0,0
2022-05-21,0,2,4,0,0,1,0,0,0,0,0,0
2022-05-22,1,2,9,1,0,3,0,0,0,0,0,0
2022-05-23,1,2,3,1,3,2,1,2,3,0,1,1
2022-05-24,3,2,11,0,0,0,0,0,0,1,1,0
2022-05-25,2,1,7,2,1,7,0,0,0,0,0,0
2022-05-26,0,3,2,0,0,3,0,2,0,0,0,0
2022-05-27,1,1,4,1,3,0,0,0,0,0,0,0
2022-05-28,0,0,4,0,0,2,0,0,0,0,0,0
2022-05-29,0,1,2,0,1,4,0,0,0,0,0,0
2022-05-30,4,1,6,0,1,1,0,0,0,0,0,0
2022-05-31,1,1,4,1,1,0,0,0,0,0,0,0
2022-06-01,0,1,2,0,0,1,0,0,0,0,0,0
2022-06-02,0,1,4,0,1,0,0,0,0,0,0,0
2022-06-03,2,0,3,0,2,0,0,0,0,0,0,0
2022-06-04,2,1,1,1,1,0,0,0,0,0,0,0
2022-06-05,3,1,1,2,0,2,0,0,0,0,0,0
2022-06-06,3,3,3,4,0,0,0,0,0,0,1,0
2022-06-07,1,4,2,4,1,1,0,0,0,0,0,0
2022-06-08,9,6,6,2,0,0,0,1,0,0,2,0
2022-06-09,6,5,10,1,1,4,1,2,0,0,0,0
2022-06-10,5,2,8,1,1,5,0,0,0,0,0,0
2022-06-11,2,2,14,1,0,3,0,0,0,0,0,0
2022-06-12,2,2,8,0,0,4,0,0,0,0,0,0
2022-06-13,4,1,10,0,0,0,0,0,0,0,0,1
2022-06-14,2,5,3,1,0,2,1,1,2,0,5,0
2022-06-15,5,5,3,1,1,0,15,77,51,7,48,24
2022-06-16,4,4,14,0,0,5,0,2,1,0,2,0
2022-06-17,8,0,10,3,1,5,0,0,0,0,0,0
2022-06-18,2,2,12,2,1,5,0,0,0,0,0,0
2022-06-19,5,2,10,4,0,0,0,0,0,0,0,0
2022-06-20,19,9,21,3,3,1,4,43,16,0,14,2
2022-06-21,20,17,20,8,4,3,1,7,2,0,3,1
2022-06-22,12,18,26,12,2,6,0,3,5,0,5,1
2022-06-23,12,10,11,9,5,6,0,1,0,0,2,1
2022-06-24,13,9,13,4,3,4,0,0,0,0,0,0
2022-06-25,11,4,10,2,1,7,0,0,0,0,0,0
2022-06-26,5,2,5,6,0,1,0,0,0,0,0,0
2022-06-27,12,6,9,10,0,2,0,1,2,0,1,0
2022-06-28,7,4,5,6,2,9,0,5,1,0,4,1
2022-06-29,10,8,5,7,1,2,0,1,1,0,1,1
2022-06-30,5,4,7,6,3,1,1,9,5,0,5,0
2022-07-01,7,6,11,5,3,3,0,0,0,0,0,0
2022-07-02,3,1,14,0,1,4,0,0,0,0,0,0
2022-07-03,1,3,2,2,0,3,0,0,0,0,0,0
2022-07-04,2,2,2,4,2,2,0,0,1,0,3,0
2022-07-05,5,1,7,4,1,1,0,1,0,1,0,0
2022-07-06,4,5,4,2,4,4,0,0,1,0,0,0
2022-07-07,1,0,4,3,1,3,0,0,0,1,0,0
2022-07-08,2,1,2,1,3,1,0,0,0,0,0,0
2022-07-09,1,0,5,2,3,1,0,0,0,0,0,0
2022-07-10,0,4,5,0,0,1,0,0,0,0,0,0
2022-07-11,2,2,2,3,0,2,3,5,13,0,9,3
2022-07-12,2,1,10,1,2,1,0,0,0,0,0,0
2022-07-13,4,1,1,0,3,1,0,0,0,0,0,0
2022-07-14,8,2,7,0,0,2,0,0,0,0,1,0
2022-07-15,3,2,8,2,1,2,0,0,0,0,1,1
2022-07-16,1,0,6,1,3,3,0,0,0,0,0,0
2022-07-17,1,2,4,0,1,1,0,0,0,0,0,0
2022-07-18,0,3,0,1,1,1,0,0,3,0,1,0
2022-07-19,6,3,2,0,3,1,0,0,0,0,0,0
2022-07-20,2,1,9,4,3,0,0,0,0,0,0,0
2022-07-21,4,1,10,3,3,0,1,0,0,1,1,0
2022-07-22,7,2,3,2,0,0,0,0,0,0,0,0
2022-07-23,1,2,14,1,1,2,0,0,0,0,0,0
2022-07-24,1,3,2,1,0,0,0,0,0,0,0,0
2022-07-25,5,3,4,1,0,2,0,0,0,0,0,0
2022-07-26,7,4,12,1,1,1,0,0,0,0,0,0
2022-07-27,9,10,13,3,3,2,0,0,0,0,0,0
2022-07-28,7,9,13,4,3,1,0,0,0,0,0,0
2022-07-29,8,5,8,2,1,2,0,0,0,0,0,0
2022-07-30,4,2,4,1,2,2,0,0,0,0,0,0
2022-07-31,3,0,1,1,0,1,0,0,0,0,0,0
2022-08-01,2,3,5,3,1,1,0,0,0,0,0,0
2022-08-02,1,3,6,1,0,1,0,0,0,0,0,0
2022-08-03,2,0,4,1,1,1,0,0,0,0,0,0
2022-08-04,3,1,3,1,0,1,0,0,0,0,0,0
2022-08-05,2,1,6,1,3,1,0,0,0,0,0,0
2022-08-06,3,0,6,1,1,1,0,0,0,0,0,0
2022-08-07,1,0,1,0,1,1,0,0,0,0,0,0
2022-08-08,3,1,2,0,1,3,0,0,0,0,0,0
2022-08-09,6,2,4,3,2,0,0,0,0,0,0,0
2022-08-10,9,3,5,3,1,1,0,0,0,0,0,0
2022-08-11,5,4,10,0,1,1,0,0,0,0,0,0
2022-08-12,8,5,4,2,0,1,0,0,0,0,0,0
2022-08-13,3,3,12,1,0,1,0,0,0,0,0,0
2022-08-14,2,0,3,0,2,1,0,0,0,0,0,0
2022-08-15,2,2,2,2,0,1,0,0,0,0,0,0
2022-08-16,6,2,6,5,2,1,0,0,0,0,0,0
2022-08-17,7,1,3,2,2,3,0,0,0,0,0,0
2022-08-18,10,6,7,2,1,2,0,0,0,0,0,0
2022-08-19,7,5,4,4,1,3,0,0,0,0,0,0
2022-08-20,3,2,8,0,0,4,0,0,0,0,0,0
2022-08-21,3,1,2,1,1,0,0,0,0,0,0,0
2022-08-22,12,0,5,6,3,4,0,0,0,0,0,0
2022-08-23,12,2,17,3,2,2,0,0,0,0,0,0
2022-08-24,7,4,6,5,1,2,0,0,0,0,0,0
2022-08-25,12,5,8,8,1,1,0,0,0,0,0,0
2022-08-26,4,5,14,5,1,1,0,0,0,0,0,0
2022-08-27,2,2,6,4,1,1,0,0,0,0,0,0
2022-08-28,1,4,9,6,1,1,0,0,0,0,0,0
2022-08-29,8,3,5,6,1,3,0,0,0,0,0,0
2022-08-30,6,3,11,5,1,1,0,0,0,0,0,0
2022-08-31,4,1,5,2,1,6,0,0,0,0,0,0
2022-09-01,7,2,8,8,1,0,0,0,0,0,0,0
2022-09-02,5,2,12,8,1,4,0,0,0,0,0,0
2022-09-03,4,3,3,4,0,3,0,0,0,0,0,0
2022-09-04,1,0,2,2,0,1,0,0,0,0,0,0
2022-09-05,2,1,1,7,3,1,0,0,0,0,1,0
2022-09-06,4,3,2,4,4,3,0,0,0,1,1,0
2022-09-07,7,0,1,1,2,2,1,4,3,0,1,0
2022-09-08,3,1,8,14,3,0,1,0,1,0,0,0
2022-09-09,2,1,0,2,3,4,0,0,0,0,0,1
2022-09-10,1,1,1,0,0,2,0,0,0,0,0,0
2022-09-11,0,0,0,0,0,2,0,0,0,0,0,0
2022-09-12,1,2,0,1,1,0,0,0,0,0,0,0
2022-09-13,1,2,0,1,1,1,0,0,0,0,0,0
2022-09-14,1,0,5,1,1,1,0,0,0,0,0,0
2022-09-15,0,2,4,2,1,2,0,0,0,0,0,0
2022-09-16,2,2,3,0,2,0,0,0,0,0,0,0
2022-09-17,1,2,11,0,1,0,0,0,0,0,0,0
2022-09-18,0,0,1,3,3,1,0,0,0,0,0,0
2022-09-19,2,0,1,2,2,0,0,0,0,0,0,0
2022-09-20,4,2,0,6,2,0,0,0,0,0,0,0
2022-09-21,3,3,8,2,1,1,0,0,0,0,0,0
2022-09-22,1,1,5,2,1,0,0,1,0,0,0,0
2022-09-23,7,7,11,6,5,3,0,0,0,0,0,0
2022-09-24,3,0,5,4,1,1,0,0,0,0,0,0
2022-09-25,1,0,1,5,3,0,0,0,0,0,0,0
2022-09-26,5,0,1,3,2,4,0,0,0,0,0,0
2022-09-27,3,0,2,3,2,1,0,0,0,0,0,0
2022-09-28,6,1,3,3,1,0,0,0,0,0,0,0
2022-09-29,2,2,1,7,0,0,0,0,0,0,0,0
2022-09-30,3,0,2,6,1,3,0,0,0,0,0,0
2022-10-01,2,6,5,6,3,0,0,0,0,0,0,0
2022-10-02,0,3,2,6,1,1,0,0,0,0,0,0
2022-10-03,1,1,2,1,0,0,0,0,0,0,0,0
2022-10-04,1,2,0,11,1,0,0,0,0,0,0,0
2022-10-05,3,2,4,3,0,4,0,0,0,0,0,0
2022-10-06,5,3,7,3,1,2,0,0,0,0,0,0
2022-10-07,2,0,3,2,1,6,0,0,0,0,0,0
2022-10-08,1,4,2,0,1,2,0,0,0,0,0,0
2022-10-09,0,3,0,1,1,1,0,0,0,0,0,0
2022-10-10,6,1,7,8,1,0,0,0,0,0,0,0
2022-10-11,3,1,1,6,3,3,0,0,0,0,1,0
2022-10-12,0,1,2,4,3,1,0,0,1,0,0,0
2022-10-13,2,1,0,1,0,1,0,0,0,1,1,1
2022-10-14,8,2,2,3,0,1,0,0,0,0,0,0
2022-10-15,1,2,10,0,1,0,0,0,0,0,0,0
2022-10-16,2,2,2,1,1,2,0,0,0,0,0,0
2022-10-17,5,3,2,0,0,0,0,0,0,0,1,0
2022-10-18,4,4,1,3,1,0,0,0,2,0,7,0
2022-10-19,12,4,16,2,1,1,0,1,0,0,1,0
2022-10-20,6,6,4,3,0,1,0,0,1,0,3,0
2022-10-21,1,2,0,3,0,1,0,0,0,1,1,0
2022-10-22,5,0,4,3,1,0,0,0,0,0,0,0
2022-10-23,4,2,3,4,2,1,0,0,0,0,0,0
2022-10-24,4,1,4,4,3,1,0,1,1,0,2,1
2022-10-25,4,1,9,5,2,2,1,1,2,0,2,0
2022-10-26,0,3,1,4,1,2,0,0,0,0,0,0
2022-10-27,2,1,4,3,0,0,0,0,1,1,0,0
2022-10-28,0,1,2,7,1,0,0,0,0,0,0,0
2022-10-29,0,0,1,0,0,2,0,0,0,0,0,0
2022-10-30,0,0,0,1,0,0,0,0,0,0,0,0
2022-10-31,1,0,2,4,3,5,0,0,0,0,1,1
2022-11-01,3,1,9,2,0,1,0,0,0,0,0,0
2022-11-02,7,1,1,4,0,2,3,0,0,1,0,0
2022-11-03,7,2,4,3,0,2,0,1,1,0,0,0
2022-11-04,5,2,11,3,2,4,0,0,0,0,0,0
2022-11-05,2,4,5,2,2,1,0,0,0,0,0,0
2022-11-06,2,2,1,5,1,0,0,0,0,0,0,0
2022-11-07,7,3,9,7,2,2,0,0,0,0,2,0
2022-11-08,3,1,7,4,1,2,0,0,0,0,1,0
2022-11-09,6,2,6,4,2,0,0,2,2,0,1,0
2022-11-10,6,11,8,11,8,0,0,0,0,0,0,0
2022-11-11,4,3,16,3,2,2,0,0,0,0,0,0
2022-11-12,4,2,8,1,3,2,0,0,0,0,0,0
2022-11-13,3,0,3,5,0,3,0,0,0,0,0,0
2022-11-14,2,6,5,2,0,0,0,0,0,0,3,0
2022-11-15,3,4,4,7,0,4,0,0,2,0,0,0
2022-11-16,9,0,2,9,2,0,0,0,0,1,2,0
2022-11-17,5,5,3,3,2,0,0,0,0,0,0,0
2022-11-18,7,4,10,2,0,1,0,0,0,0,0,0
2022-11-19,1,0,8,4,1,2,0,0,0,0,0,0
2022-11-20,3,2,1,2,1,1,0,0,0,0,0,0
2022-11-21,3,0,1,3,1,0,1,0,1,0,0,0
2022-11-22,5,2,6,0,1,1,0,2,3,1,1,2
2022-11-23,10,11,14,4,2,3,1,0,0,0,1,0
2022-11-24,8,4,8,3,1,0,0,4,1,0,2,1
2022-11-25,10,6,15,6,3,5,0,0,0,0,0,0
2022-11-26,6,6,15,1,1,4,0,0,0,0,0,0
2022-11-27,5,1,1,1,1,0,0,0,0,0,0,0
2022-11-28,6,3,4,3,1,2,0,0,0,0,1,0
2022-11-29,7,5,3,7,0,2,0,2,0,0,1,0
2022-11-30,12,7,7,13,1,4,0,4,1,0,1,0
2022-12-01,8,9,11,3,2,0,1,3,0,0,8,0
2022-12-02,7,3,10,4,6,1,0,0,0,0,1,0
2022-12-03,4,2,17,1,2,1,0,0,0,0,0,0
2022-12-04,6,1,3,2,0,2,0,0,0,0,0,0
2022-12-05,20,1,13,2,2,1,0,0,0,0,0,0
2022-12-06,12,3,5,5,4,1,1,0,6,0,1,6
2022-12-07,17,10,16,2,1,6,0,1,1,0,2,0
2022-12-08,17,10,19,1,4,1,2,9,4,0,7,0
2022-12-09,12,9,16,1,1,4,0,0,0,0,0,0
2022-12-10,5,0,12,1,4,4,0,0,0,0,0,0
2022-12-11,9,3,14,0,0,1,0,0,0,0,0,0
2022-12-12,21,10,19,12,5,5,1,10,12,1,23,1
2022-12-13,25,5,22,8,3,4,0,0,0,0,0,0
2022-12-14,8,10,11,3,4,8,1,1,5,3,1,1
2022-12-15,31,7,20,16,5,6,1,5,4,1,5,0
2022-12-16,17,8,21,5,3,5,0,0,0,0,0,0
2022-12-17,10,5,20,6,0,7,0,0,0,0,0,0
2022-12-18,11,2,7,5,5,4,0,0,0,0,0,0
2022-12-19,17,5,14,5,3,9,0,1,1,2,2,0
2022-12-20,16,8,18,12,2,4,0,4,3,3,5,4
2022-12-21,21,10,21,3,1,0,0,0,0,0,0,0
2022-12-22,21,9,30,6,1,4,0,0,0,0,0,0
2022-12-23,17,4,14,5,1,4,0,0,0,0,0,0
2022-12-24,9,9,13,5,0,9,0,0,0,0,0,0
2022-12-25,3,0,0,2,0,0,0,0,0,0,0,0
2022-12-26,1,2,4,5,0,7,0,0,0,0,0,0
2022-12-27,10,2,5,5,1,3,0,0,0,0,0,0
2022-12-28,6,6,10,0,1,2,0,0,0,0,0,0
2022-12-29,9,7,6,5,2,1,0,0,0,0,0,0
2022-12-30,4,1,10,4,2,1,0,0,0,0,0,0
2022-12-31,5,4,7,1,0,5,0,0,0,0,0,0
2023-01-01,6,0,6,5,1,1,0,0,0,0,0,0
2023-01-02,11,5,9,4,0,6,0,0,0,0,0,0
2023-01-03,12,8,8,5,1,2,0,0,0,0,0,0
2023-01-04,8,6,11,10,3,2,0,0,0,0,0,0
2023-01-05,8,9,7,4,2,3,0,0,0,0,0,0
2023-01-06,10,7,11,8,2,5,0,0,0,0,0,0
2023-01-07,7,4,15,4,0,3,0,0,0,0,0,0
2023-01-08,8,4,5,6,2,5,0,0,0,0,0,0
2023-01-09,15,5,5,8,3,9,2,0,2,0,2,0
2023-01-10,11,9,10,10,2,3,6,24,21,1,28,0
2023-01-11,24,10,14,4,1,5,1,3,14,0,7,1
2023-01-12,8,8,12,8,3,3,0,2,1,0,0,1
2023-01-13,5,2,9,8,1,4,0,0,0,0,0,0
2023-01-14,4,2,8,0,2,6,0,0,0,0,0,0
2023-01-15,5,2,6,5,2,1,0,0,0,0,0,0
2023-01-16,14,7,4,6,0,3,21,31,78,3,68,9
2023-01-17,12,7,17,2,4,5,6,1,0,2,1,0
2023-01-18,20,7,10,8,1,5,4,0,4,0,2,1
2023-01-19,9,4,15,3,2,2,2,3,1,0,8,0
2023-01-20,5,5,2,3,2,5,0,1,1,0,0,0
2023-01-21,2,6,9,1,0,1,0,0,0,0,0,0
2023-01-22,5,0,1,0,1,0,0,0,0,0,0,0
2023-01-23,11,3,1,4,2,1,0,0,1,0,0,1
2023-01-24,5,1,4,1,1,0,0,2,1,0,6,0
2023-01-25,4,5,9,4,1,4,0,0,0,0,0,0
2023-01-26,5,5,2,2,2,2,0,0,1,1,5,0
2023-01-27,4,4,7,4,3,2,0,0,0,0,0,0
2023-01-28,1,1,5,1,1,8,0,0,0,0,0,0
2023-01-29,0,6,2,0,1,2,0,0,0,0,0,0
2023-01-30,12,6,6,7,2,1,31,39,63,5,36,17
2023-01-31,22,10,11,8,1,3,0,0,0,0,0,2
2023-02-01,24,7,19,9,5,1,0,0,2,0,1,0
2023-02-02,10,4,10,11,2,9,1,4,2,0,10,0
2023-02-03,7,5,3,3,1,5,0,0,0,2,2,1
2023-02-04,3,2,4,2,0,3,0,0,0,0,0,0
2023-02-05,7,3,4,0,1,0,0,0,0,0,0,0
2023-02-06,9,3,8,5,0,2,1,8,9,2,22,6
2023-02-07,6,6,4,4,1,1,1,0,1,0,0,0
2023-02-08,4,0,3,12,1,2,0,0,0,0,0,0
2023-02-09,2,4,2,9,1,2,0,2,0,0,1,0
2023-02-10,3,4,2,6,2,6,0,0,0,0,0,0
2023-02-11,2,2,4,1,0,1,0,0,0,0,0,0
2023-02-12,3,0,2,1,0,0,0,0,0,0,0,0
2023-02-13,2,0,4,4,1,1,0,0,0,0,0,0
2023-02-14,5,3,2,3,4,0,0,0,0,0,0,0
2023-02-15,8,3,3,1,1,0,0,0,0,0,0,0
2023-02-16,7,3,4,7,1,4,0,0,0,0,0,0
2023-02-17,8,2,7,4,5,6,0,0,0,0,0,0
2023-02-18,2,2,1,1,0,1,0,0,0,0,0,0
2023-02-19,3,0,6,2,0,1,0,0,0,0,0,0
2023-02-20,6,2,4,5,2,2,0,0,0,0,0,0
